{
  "flex-layout.row#dealsWoman": {
    "children": [
      "flex-layout.col#woman-deals1",
      "flex-layout.col#deals2",
      "flex-layout.col#deals3",
      "flex-layout.col#deals4"
    ],
    "props": {
      "blockClass":  ["deals","depto-desk"],
      "horizontalAlign": "center",
      "classBlock": "dealshome"
    }
  },

  "slider-layout#woman-deals-mobile": {
    "props": {
      "itemsPerPage": {
        "desktop": 1,
        "tablet": 1,
        "phone": 2
      },
      "infinite": true,
      "showNavigationArrows": "always",
      "showPaginationDots": "never",
      "blockClass": ["deals","depto-mobile"]
    },
    "children": [
      "image#woman-deal1M",
      "image#woman-deal2M",
      "image#woman-deal3M",
      "image#woman-deal4M"]
  },


  "flex-layout.col#woman-deals1": {
    "children": [
      "image#woman-deal1"
    ],
    "props": {
      "blockClass": "dealschild"
    }
  },
  "image#woman-deal1": {
    "props": {
      "src": "assets/desk/woman/slidercategoriasDT_2-100-chaquetas.jpg",
      "maxHeight": "170px",
      "link": {
        "url": "/mujer/ropa"
      }
    }
  },
  "rich-text#woman-deal1": {
    "props": {
      "text": "POLOS",
      "blockClass": "deals"
    }
  },
  "flex-layout.col#deals2": {
    "children": [
      "image#deal2"
    ],
    "props": {
      "blockClass": "dealschild"
    }
  },
  "image#deal2": {
    "props": {
      "src": "assets/desk/woman/slider-categoriasDT_1-100-zapatos.jpg",
      "maxHeight": "170px",
      "link": {
        "url": "/mujer"
      }
    }
  },
  "rich-text#deal2": {
    "props": {
      "text": "ZAPATOS",
      "blockClass": "deals"
    }
  },
  "flex-layout.col#deals3": {
    "children": [
      "image#deal3"
    ],
    "props": {
      "blockClass": "dealschild"
    }
  },
  "image#deal3": {
    "props": {
      "src": "assets/desk/woman/slider-categoriasDT_3-100-accesorios.jpg",
      "maxHeight": "170px",
      "link": {
        "url": "/mujer/ropa"
      }
    }
  },
  "rich-text#deal3": {
    "props": {
      "text": "BERMUDAS",
      "blockClass": "deals"
    }
  },
  "flex-layout.col#deals4": {
    "children": [
      "image#deal4"
    ],
    "props": {
      "blockClass": "dealschild"
    }
  },
  "image#deal4": {
    "props": {
      "src": "assets/desk/woman/slider-categoriasDT-100-bluzas.jpg",
      "maxHeight": "170px",
      "link": {
        "url": "/mujer/ropa/blusas-y-camisas"
      }
    }
  },
  "rich-text#deal4": {
    "props": {
      "text": "CAMISETAS",
      "blockClass": "deals"
    }
  },

  "image#woman-deal1M": {
    "props": {
      "src": "https://callearturop.vtexassets.com/arquivos/slider categorias M_2-100.jpg",
      "maxHeight": "170px"
    }
  },
  "image#woman-deal2M": {
    "props": {
      "src": "https://callearturop.vtexassets.com/arquivos/slider categorias M_1-100.jpg"
    }
  },
  "image#woman-deal3M": {
    "props": {
      "src": "https://callearturop.vtexassets.com/arquivos/slider categorias M_3-100.jpg"
    }
  },
  "image#woman-deal4M": {
    "props": {
      "src": "https://callearturop.vtexassets.com/arquivos/slider categorias M-100.jpg"
    }
  }
}
